Workbook

Sheet 15-Day Plan
A1: 15-Day Assignment Plan
A4: Day | B4: Focus Area | C4: Assign. # | D4: Assignment
A5: 1 | B5: CSS Basics & Box Model | C5: 1 | D5: Convert an HTML-only page into a styled webpage
A6: 1 | B6: CSS Basics & Box Model | C6: 2 | D6: Create a styled resume page
A7: 1 | B7: CSS Basics & Box Model | C7: 3 | D7: Build a profile card using the box model
A8: 1 | B8: CSS Basics & Box Model | C8: 4 | D8: Style a landing page section
A9: 2 | B9: CSS Layout & Responsive Menu | C9: 5 | D9: Complete and submit the Profile Card project
A10: 2 | B10: CSS Layout & Responsive Menu | C10: 6 | D10: Create a responsive menu
A11: 2 | B11: CSS Layout & Responsive Menu | C11: 7 | D11: Create a centered login page
A12: 2 | B12: CSS Layout & Responsive Menu | C12: 8 | D12: Build a product listing layout
A13: 3 | B13: Grids, Dashboards & Galleries | C13: 9 | D13: Build a dashboard layout. Submit a responsive landing page
A14: 3 | B14: Grids, Dashboards & Galleries | C14: 10 | D14: Build a photo gallery
A15: 3 | B15: Grids, Dashboards & Galleries | C15: 11 | D15: Build a product grid
A16: 3 | B16: Grids, Dashboards & Galleries | C16: 12 | D16: Make previous projects responsive
... A66: 15 | B66: Final Assessment & Reflection | C66: 62 | D66: Submit reflection, feedback actions and updated portfolio link

Sheet Summary
A1: Daily Summary
A3: Day | B3: Focus Area | C3: Total | D3: Submissions | E3: Done | F3: % Done
A4: 1 | B4: CSS Basics & Box Model | C4: =COUNTIF('15-Day Plan'!$A$5:$A$66,A4) -> 4 | D4: =COUNTIFS('15-Day Plan'!$A$5:$A$66,A4,'15-Day Plan'!#REF!,"Submission") -> #REF! | E4: =COUNTIFS('15-Day Plan'!$A$5:$A$66,A4,'15-Day Plan'!#REF!,"Done") -> #REF! | F4: =IF(C4=0,0,E4/C4) -> #REF!
A5: 2 | B5: CSS Layout & Responsive Menu | C5: =COUNTIF('15-Day Plan'!$A$5:$A$66,A5) -> 4 | D5: =COUNTIFS('15-Day Plan'!$A$5:$A$66,A5,'15-Day Plan'!#REF!,"Submission") -> #REF! | E5: =COUNTIFS('15-Day Plan'!$A$5:$A$66,A5,'15-Day Plan'!#REF!,"Done") -> #REF! | F5: =IF(C5=0,0,E5/C5) -> #REF!
A6: 3 | B6: Grids, Dashboards & Galleries | C6: =COUNTIF('15-Day Plan'!$A$5:$A$66,A6) -> 4 | D6: =COUNTIFS('15-Day Plan'!$A$5:$A$66,A6,'15-Day Plan'!#REF!,"Submission") -> #REF! | E6: =COUNTIFS('15-Day Plan'!$A$5:$A$66,A6,'15-Day Plan'!#REF!,"Done") -> #REF! | F6: =IF(C6=0,0,E6/C6) -> #REF!
A7: 4 | B7: Responsive Landing Pages + JS Intro | C7: =COUNTIF('15-Day Plan'!$A$5:$A$66,A7) -> 4 | D7: =COUNTIFS('15-Day Plan'!$A$5:$A$66,A7,'15-Day Plan'!#REF!,"Submission") -> #REF! | E7: =COUNTIFS('15-Day Plan'!$A$5:$A$66,A7,'15-Day Plan'!#REF!,"Done") -> #REF! | F7: =IF(C7=0,0,E7/C7) -> #REF!
A8: 5 | B8: JS Loops, Debugging & Functions | C8: =COUNTIF('15-Day Plan'!$A$5:$A$66,A8) -> 4 | D8: =COUNTIFS('15-Day Plan'!$A$5:$A$66,A8,'15-Day Plan'!#REF!,"Submission") -> #REF! | E8: =COUNTIFS('15-Day Plan'!$A$5:$A$66,A8,'15-Day Plan'!#REF!,"Done") -> #REF! | F8: =IF(C8=0,0,E8/C8) -> #REF!
A9: 6 | B9: Scope, Guard Clauses & Utilities | C9: =COUNTIF('15-Day Plan'!$A$5:$A$66,A9) -> 4 | D9: =COUNTIFS('15-Day Plan'!$A$5:$A$66,A9,'15-Day Plan'!#REF!,"Submission") -> #REF! | E9: =COUNTIFS('15-Day Plan'!$A$5:$A$66,A9,'15-Day Plan'!#REF!,"Done") -> #REF! | F9: =IF(C9=0,0,E9/C9) -> #REF!
A10: 7 | B10: Arrays & Strings | C10: =COUNTIF('15-Day Plan'!$A$5:$A$66,A10) -> 4 | D10: =COUNTIFS('15-Day Plan'!$A$5:$A$66,A10,'15-Day Plan'!#REF!,"Submission") -> #REF! | E10: =COUNTIFS('15-Day Plan'!$A$5:$A$66,A10,'15-Day Plan'!#REF!,"Done") -> #REF! | F10: =IF(C10=0,0,E10/C10) -> #REF!
A11: 8 | B11: Objects & Nested Data | C11: =COUNTIF('15-Day Plan'!$A$5:$A$66,A11) -> 4 | D11: =COUNTIFS('15-Day Plan'!$A$5:$A$66,A11,'15-Day Plan'!#REF!,"Submission") -> #REF! | E11: =COUNTIFS('15-Day Plan'!$A$5:$A$66,A11,'15-Day Plan'!#REF!,"Done") -> #REF! | F11: =IF(C11=0,0,E11/C11) -> #REF!
A12: 9 | B12: JSON, Object Utilities & DOM Basics | C12: =COUNTIF('15-Day Plan'!$A$5:$A$66,A12) -> 4 | D12: =COUNTIFS('15-Day Plan'!$A$5:$A$66,A12,'15-Day Plan'!#REF!,"Submission") -> #REF! | E12: =COUNTIFS('15-Day Plan'!$A$5:$A$66,A12,'15-Day Plan'!#REF!,"Done") -> #REF! | F12: =IF(C12=0,0,E12/C12) -> #REF!
A13: 10 | B13: DOM Manipulation & Events | C13: =COUNTIF('15-Day Plan'!$A$5:$A$66,A13) -> 4 | D13: =COUNTIFS('15-Day Plan'!$A$5:$A$66,A13,'15-Day Plan'!#REF!,"Submission") -> #REF! | E13: =COUNTIFS('15-Day Plan'!$A$5:$A$66,A13,'15-Day Plan'!#REF!,"Done") -> #REF! | F13: =IF(C13=0,0,E13/C13) -> #REF!
A14: 11 | B14: Dynamic UI, Forms & To-Do App | C14: =COUNTIF('15-Day Plan'!$A$5:$A$66,A14) -> 4 | D14: =COUNTIFS('15-Day Plan'!$A$5:$A$66,A14,'15-Day Plan'!#REF!,"Submission") -> #REF! | E14: =COUNTIFS('15-Day Plan'!$A$5:$A$66,A14,'15-Day Plan'!#REF!,"Done") -> #REF! | F14: =IF(C14=0,0,E14/C14) -> #REF!
A15: 12 | B15: Web Storage & Persistence | C15: =COUNTIF('15-Day Plan'!$A$5:$A$66,A15) -> 5 | D15: =COUNTIFS('15-Day Plan'!$A$5:$A$66,A15,'15-Day Plan'!#REF!,"Submission") -> #REF! | E15: =COUNTIFS('15-Day Plan'!$A$5:$A$66,A15,'15-Day Plan'!#REF!,"Done") -> #REF! | F15: =IF(C15=0,0,E15/C15) -> #REF!
... A18: 15 | B18: Final Assessment & Reflection | C18: =COUNTIF('15-Day Plan'!$A$5:$A$66,A18) -> 4 | D18: =COUNTIFS('15-Day Plan'!$A$5:$A$66,A18,'15-Day Plan'!#REF!,"Submission") -> #REF! | E18: =COUNTIFS('15-Day Plan'!$A$5:$A$66,A18,'15-Day Plan'!#REF!,"Done") -> #REF! | F18: =IF(C18=0,0,E18/C18) -> #REF!
A19: Total | C19: =SUM(C4:C18) -> 62 | D19: =SUM(D4:D18) -> #REF! | E19: =SUM(E4:E18) -> #REF! | F19: =IF(C19=0,0,E19/C19) -> #REF!
